feature,importance
kw_kourtney,0.29065737
kw_velma,0.10955372
kw_cleopatra,0.07634588
kw_rome,0.070696115
kw_osha,0.040398885
kw_huh,0.034620214
kw_patrick,0.029157031
kw_geez,0.027793342
kw_playing,0.024019353
kw_jedi,0.019874493
kw_ryan,0.01884911
kw_safiyah,0.01626764
kw_jax,0.015553064
votes,0.012325738
kw_fred,0.010885661
