feature,importance
votes,0.10395743693396443
season,0.08025827317853136
kw_velma,0.06236794910515021
kw_kourtney,0.06166823144543751
runtime_minutes,0.046015779166127896
cast_unique_names_count,0.03855809732368198
number_of_episodes,0.028178195195657743
kw_kim,0.01979356003394637
avg_sentiment,0.01902967571285903
cast_id_entropy,0.01755099263008608
kw_khloã,0.017198654532960853
kw_kris,0.014759884562905458
cast_size,0.01417629088473291
kw_an8,0.013828909981091644
kw_richie,0.01378434732692062
