feature,importance
kw_kourtney,0.09844794
kw_shelley,0.098286785
kw_rome,0.075469725
kw_velma,0.06919183
kw_fred,0.05591455
kw_osha,0.042698465
kw_jedi,0.04162532
kw_screams,0.031425957
votes,0.031090437
kw_patrick,0.031082252
kw_gold,0.026942667
kw_huh,0.026031002
kw_jen,0.019942772
kw_ryan,0.017421149
kw_playing,0.016900389
